-- phpMyAdmin SQL Dump
-- version 4.9.0.1
-- https://www.phpmyadmin.net/
--
-- Host: 127.0.0.1
-- Generation Time: Jun 24, 2019 at 03:02 AM
-- Server version: 10.3.16-MariaDB
-- PHP Version: 7.3.6

SET SQL_MODE = "NO_AUTO_VALUE_ON_ZERO";
SET AUTOCOMMIT = 0;
START TRANSACTION;
SET time_zone = "+00:00";


/*!40101 SET @OLD_CHARACTER_SET_CLIENT=@@CHARACTER_SET_CLIENT */;
/*!40101 SET @OLD_CHARACTER_SET_RESULTS=@@CHARACTER_SET_RESULTS */;
/*!40101 SET @OLD_COLLATION_CONNECTION=@@COLLATION_CONNECTION */;
/*!40101 SET NAMES utf8mb4 */;

--
-- Database: `essentialmode`
--

-- --------------------------------------------------------

--
-- Table structure for table `addon_account`
--

CREATE TABLE `addon_account` (
  `name` varchar(60) COLLATE utf8_unicode_ci NOT NULL,
  `label` varchar(100) COLLATE utf8_unicode_ci NOT NULL,
  `shared` int(11) NOT NULL
) ENGINE=InnoDB DEFAULT CHARSET=utf8 COLLATE=utf8_unicode_ci;

--
-- Dumping data for table `addon_account`
--

INSERT INTO `addon_account` (`name`, `label`, `shared`) VALUES
('caution', 'caution', 0),
('property_black_money', 'Argent Sale Propriété', 0),
('society_police', 'Police', 1),
('society_realestateagent', 'Real Estate Company', 1);

-- --------------------------------------------------------

--
-- Table structure for table `addon_account_data`
--

CREATE TABLE `addon_account_data` (
  `id` int(11) NOT NULL,
  `account_name` varchar(100) COLLATE utf8_unicode_ci DEFAULT NULL,
  `money` int(11) NOT NULL,
  `owner` varchar(100) COLLATE utf8_unicode_ci DEFAULT NULL
) ENGINE=InnoDB DEFAULT CHARSET=utf8 COLLATE=utf8_unicode_ci;

-- --------------------------------------------------------

--
-- Table structure for table `addon_inventory`
--

CREATE TABLE `addon_inventory` (
  `name` varchar(60) COLLATE utf8_unicode_ci NOT NULL,
  `label` varchar(100) COLLATE utf8_unicode_ci NOT NULL,
  `shared` int(11) NOT NULL
) ENGINE=InnoDB DEFAULT CHARSET=utf8 COLLATE=utf8_unicode_ci;

--
-- Dumping data for table `addon_inventory`
--

INSERT INTO `addon_inventory` (`name`, `label`, `shared`) VALUES
('property', 'Propriété', 0),
('society_police', 'Police', 1);

-- --------------------------------------------------------

--
-- Table structure for table `addon_inventory_items`
--

CREATE TABLE `addon_inventory_items` (
  `id` int(11) NOT NULL,
  `inventory_name` varchar(100) COLLATE utf8_unicode_ci NOT NULL,
  `name` varchar(100) COLLATE utf8_unicode_ci NOT NULL,
  `count` int(11) NOT NULL,
  `owner` varchar(60) COLLATE utf8_unicode_ci DEFAULT NULL
) ENGINE=InnoDB DEFAULT CHARSET=utf8 COLLATE=utf8_unicode_ci;

-- --------------------------------------------------------

--
-- Table structure for table `billing`
--

CREATE TABLE `billing` (
  `id` int(11) NOT NULL,
  `identifier` varchar(255) COLLATE utf8_unicode_ci NOT NULL,
  `sender` varchar(255) COLLATE utf8_unicode_ci NOT NULL,
  `target_type` varchar(50) COLLATE utf8_unicode_ci NOT NULL,
  `target` varchar(255) COLLATE utf8_unicode_ci NOT NULL,
  `label` varchar(255) COLLATE utf8_unicode_ci NOT NULL,
  `amount` int(11) NOT NULL
) ENGINE=InnoDB DEFAULT CHARSET=utf8 COLLATE=utf8_unicode_ci;

-- --------------------------------------------------------

--
-- Table structure for table `characters`
--

CREATE TABLE `characters` (
  `id` int(11) NOT NULL,
  `identifier` varchar(255) COLLATE utf8_unicode_ci NOT NULL,
  `firstname` varchar(255) COLLATE utf8_unicode_ci NOT NULL,
  `lastname` varchar(255) COLLATE utf8_unicode_ci NOT NULL,
  `dateofbirth` varchar(255) COLLATE utf8_unicode_ci NOT NULL,
  `sex` varchar(1) COLLATE utf8_unicode_ci NOT NULL DEFAULT 'M',
  `height` varchar(128) COLLATE utf8_unicode_ci NOT NULL
) ENGINE=InnoDB DEFAULT CHARSET=utf8 COLLATE=utf8_unicode_ci;

-- --------------------------------------------------------

--
-- Table structure for table `datastore`
--

CREATE TABLE `datastore` (
  `name` varchar(60) COLLATE utf8_unicode_ci NOT NULL,
  `label` varchar(100) COLLATE utf8_unicode_ci NOT NULL,
  `shared` int(11) NOT NULL
) ENGINE=InnoDB DEFAULT CHARSET=utf8 COLLATE=utf8_unicode_ci;

--
-- Dumping data for table `datastore`
--

INSERT INTO `datastore` (`name`, `label`, `shared`) VALUES
('property', 'Propriété', 0),
('society_police', 'Police', 1);

-- --------------------------------------------------------

--
-- Table structure for table `datastore_data`
--

CREATE TABLE `datastore_data` (
  `id` int(11) NOT NULL,
  `name` varchar(60) COLLATE utf8_unicode_ci NOT NULL,
  `owner` varchar(60) COLLATE utf8_unicode_ci DEFAULT NULL,
  `data` longtext COLLATE utf8_unicode_ci DEFAULT NULL
) ENGINE=InnoDB DEFAULT CHARSET=utf8 COLLATE=utf8_unicode_ci;

-- --------------------------------------------------------

--
-- Table structure for table `fine_types`
--

CREATE TABLE `fine_types` (
  `id` int(11) NOT NULL,
  `label` varchar(255) COLLATE utf8_unicode_ci DEFAULT NULL,
  `amount` int(11) DEFAULT NULL,
  `category` int(11) DEFAULT NULL
) ENGINE=InnoDB DEFAULT CHARSET=utf8 COLLATE=utf8_unicode_ci;

--
-- Dumping data for table `fine_types`
--

INSERT INTO `fine_types` (`id`, `label`, `amount`, `category`) VALUES
(1, 'Misuse of a horn', 30, 0),
(2, 'Illegally Crossing a continuous Line', 40, 0),
(3, 'Driving on the wrong side of the road', 250, 0),
(4, 'Illegal U-Turn', 250, 0),
(5, 'Illegally Driving Off-road', 170, 0),
(6, 'Refusing a Lawful Command', 30, 0),
(7, 'Illegally Stopping a Vehicle', 150, 0),
(8, 'Illegal Parking', 70, 0),
(9, 'Failing to Yield to the right', 70, 0),
(10, 'Failure to comply with Vehicle Information', 90, 0),
(11, 'Failing to stop at a Stop Sign ', 105, 0),
(12, 'Failing to stop at a Red Light', 130, 0),
(13, 'Illegal Passing', 100, 0),
(14, 'Driving an illegal Vehicle', 100, 0),
(15, 'Driving without a License', 1500, 0),
(16, 'Hit and Run', 800, 0),
(17, 'Exceeding Speeds Over < 5 mph', 90, 0),
(18, 'Exceeding Speeds Over 5-15 mph', 120, 0),
(19, 'Exceeding Speeds Over 15-30 mph', 180, 0),
(20, 'Exceeding Speeds Over > 30 mph', 300, 0),
(21, 'Impeding traffic flow', 110, 1),
(22, 'Public Intoxication', 90, 1),
(23, 'Disorderly conduct', 90, 1),
(24, 'Obstruction of Justice', 130, 1),
(25, 'Insults towards Civilans', 75, 1),
(26, 'Disrespecting of an LEO', 110, 1),
(27, 'Verbal Threat towards a Civilan', 90, 1),
(28, 'Verbal Threat towards an LEO', 150, 1),
(29, 'Providing False Information', 250, 1),
(30, 'Attempt of Corruption', 1500, 1),
(31, 'Brandishing a weapon in city Limits', 120, 2),
(32, 'Brandishing a Lethal Weapon in city Limits', 300, 2),
(33, 'No Firearms License', 600, 2),
(34, 'Possession of an Illegal Weapon', 700, 2),
(35, 'Possession of Burglary Tools', 300, 2),
(36, 'Grand Theft Auto', 1800, 2),
(37, 'Intent to Sell/Distrube of an illegal Substance', 1500, 2),
(38, 'Frabrication of an Illegal Substance', 1500, 2),
(39, 'Possession of an Illegal Substance ', 650, 2),
(40, 'Kidnapping of a Civilan', 1500, 2),
(41, 'Kidnapping of an LEO', 2000, 2),
(42, 'Robbery', 650, 2),
(43, 'Armed Robbery of a Store', 650, 2),
(44, 'Armed Robbery of a Bank', 1500, 2),
(45, 'Assault on a Civilian', 2000, 3),
(46, 'Assault of an LEO', 2500, 3),
(47, 'Attempt of Murder of a Civilian', 3000, 3),
(48, 'Attempt of Murder of an LEO', 5000, 3),
(49, 'Murder of a Civilian', 10000, 3),
(50, 'Murder of an LEO', 30000, 3),
(51, 'Involuntary manslaughter', 1800, 3),
(52, 'Fraud', 2000, 2);

-- --------------------------------------------------------

--
-- Table structure for table `items`
--

CREATE TABLE `items` (
  `name` varchar(50) COLLATE utf8_bin NOT NULL,
  `label` varchar(255) COLLATE utf8_bin NOT NULL,
  `limit` int(11) NOT NULL DEFAULT -1,
  `rare` int(11) NOT NULL DEFAULT 0,
  `can_remove` int(11) NOT NULL DEFAULT 1
) ENGINE=InnoDB DEFAULT CHARSET=utf8 COLLATE=utf8_bin;

--
-- Dumping data for table `items`
--

INSERT INTO `items` (`name`, `label`, `limit`, `rare`, `can_remove`) VALUES
('alive_chicken', 'living chicken', 20, 0, 1),
('clothe', 'cloth', 40, 0, 1),
('copper', 'copper', 56, 0, 1),
('cutted_wood', 'cut wood', 20, 0, 1),
('diamond', 'diamond', 50, 0, 1),
('essence', 'gas', 24, 0, 1),
('fabric', 'fabric', 80, 0, 1),
('fish', 'fish', 100, 0, 1),
('gold', 'gold', 21, 0, 1),
('iron', 'iron', 42, 0, 1),
('packaged_chicken', 'chicken fillet', 100, 0, 1),
('packaged_plank', 'packaged wood', 100, 0, 1),
('petrol', 'oil', 24, 0, 1),
('petrol_raffin', 'processed oil', 24, 0, 1),
('slaughtered_chicken', 'slaughtered chicken', 20, 0, 1),
('stone', 'stone', 7, 0, 1),
('washed_stone', 'washed stone', 7, 0, 1),
('wood', 'wood', 20, 0, 1),
('wool', 'wool', 40, 0, 1);

-- --------------------------------------------------------

--
-- Table structure for table `jobs`
--

CREATE TABLE `jobs` (
  `name` varchar(50) COLLATE utf8_bin NOT NULL,
  `label` varchar(255) COLLATE utf8_bin DEFAULT NULL,
  `whitelisted` tinyint(1) NOT NULL DEFAULT 0
) ENGINE=InnoDB DEFAULT CHARSET=utf8 COLLATE=utf8_bin;

--
-- Dumping data for table `jobs`
--

INSERT INTO `jobs` (`name`, `label`, `whitelisted`) VALUES
('fisherman', 'Fisherman', 0),
('fueler', 'Fueler', 0),
('lumberjack', 'Lumberjack', 0),
('miner', 'Miner', 0),
('police', 'Police', 0),
('realestateagent', 'Realtor', 0),
('reporter', 'Reporter', 0),
('slaughterer', 'Butcher', 0),
('tailor', 'Tailor', 0),
('unemployed', 'Unemployed', 0);

-- --------------------------------------------------------

--
-- Table structure for table `job_grades`
--

CREATE TABLE `job_grades` (
  `id` int(11) NOT NULL,
  `job_name` varchar(255) COLLATE utf8_bin DEFAULT NULL,
  `grade` int(11) NOT NULL,
  `name` varchar(255) COLLATE utf8_bin NOT NULL,
  `label` varchar(255) COLLATE utf8_bin NOT NULL,
  `salary` int(11) NOT NULL,
  `skin_male` longtext COLLATE utf8_bin NOT NULL,
  `skin_female` longtext COLLATE utf8_bin NOT NULL
) ENGINE=InnoDB DEFAULT CHARSET=utf8 COLLATE=utf8_bin;

--
-- Dumping data for table `job_grades`
--

INSERT INTO `job_grades` (`id`, `job_name`, `grade`, `name`, `label`, `salary`, `skin_male`, `skin_female`) VALUES
(1, 'unemployed', 0, 'unemployed', 'Unemployed', 200, '{}', '{}'),
(2, 'lumberjack', 0, 'employee', 'Employee', 0, '{}', '{}'),
(3, 'fisherman', 0, 'employee', 'Employee', 0, '{}', '{}'),
(4, 'fueler', 0, 'employee', 'Employee', 0, '{}', '{}'),
(5, 'reporter', 0, 'employee', 'Employee', 0, '{}', '{}'),
(6, 'tailor', 0, 'employee', 'Employee', 0, '{\"mask_1\":0,\"arms\":1,\"glasses_1\":0,\"hair_color_2\":4,\"makeup_1\":0,\"face\":19,\"glasses\":0,\"mask_2\":0,\"makeup_3\":0,\"skin\":29,\"helmet_2\":0,\"lipstick_4\":0,\"sex\":0,\"torso_1\":24,\"makeup_2\":0,\"bags_2\":0,\"chain_2\":0,\"ears_1\":-1,\"bags_1\":0,\"bproof_1\":0,\"shoes_2\":0,\"lipstick_2\":0,\"chain_1\":0,\"tshirt_1\":0,\"eyebrows_3\":0,\"pants_2\":0,\"beard_4\":0,\"torso_2\":0,\"beard_2\":6,\"ears_2\":0,\"hair_2\":0,\"shoes_1\":36,\"tshirt_2\":0,\"beard_3\":0,\"hair_1\":2,\"hair_color_1\":0,\"pants_1\":48,\"helmet_1\":-1,\"bproof_2\":0,\"eyebrows_4\":0,\"eyebrows_2\":0,\"decals_1\":0,\"age_2\":0,\"beard_1\":5,\"shoes\":10,\"lipstick_1\":0,\"eyebrows_1\":0,\"glasses_2\":0,\"makeup_4\":0,\"decals_2\":0,\"lipstick_3\":0,\"age_1\":0}', '{\"mask_1\":0,\"arms\":5,\"glasses_1\":5,\"hair_color_2\":4,\"makeup_1\":0,\"face\":19,\"glasses\":0,\"mask_2\":0,\"makeup_3\":0,\"skin\":29,\"helmet_2\":0,\"lipstick_4\":0,\"sex\":1,\"torso_1\":52,\"makeup_2\":0,\"bags_2\":0,\"chain_2\":0,\"ears_1\":-1,\"bags_1\":0,\"bproof_1\":0,\"shoes_2\":1,\"lipstick_2\":0,\"chain_1\":0,\"tshirt_1\":23,\"eyebrows_3\":0,\"pants_2\":0,\"beard_4\":0,\"torso_2\":0,\"beard_2\":6,\"ears_2\":0,\"hair_2\":0,\"shoes_1\":42,\"tshirt_2\":4,\"beard_3\":0,\"hair_1\":2,\"hair_color_1\":0,\"pants_1\":36,\"helmet_1\":-1,\"bproof_2\":0,\"eyebrows_4\":0,\"eyebrows_2\":0,\"decals_1\":0,\"age_2\":0,\"beard_1\":5,\"shoes\":10,\"lipstick_1\":0,\"eyebrows_1\":0,\"glasses_2\":0,\"makeup_4\":0,\"decals_2\":0,\"lipstick_3\":0,\"age_1\":0}'),
(7, 'miner', 0, 'employee', 'Employee', 0, '{\"tshirt_2\":1,\"ears_1\":8,\"glasses_1\":15,\"torso_2\":0,\"ears_2\":2,\"glasses_2\":3,\"shoes_2\":1,\"pants_1\":75,\"shoes_1\":51,\"bags_1\":0,\"helmet_2\":0,\"pants_2\":7,\"torso_1\":71,\"tshirt_1\":59,\"arms\":2,\"bags_2\":0,\"helmet_1\":0}', '{}'),
(8, 'slaughterer', 0, 'employee', 'Employee', 0, '{\"age_1\":0,\"glasses_2\":0,\"beard_1\":5,\"decals_2\":0,\"beard_4\":0,\"shoes_2\":0,\"tshirt_2\":0,\"lipstick_2\":0,\"hair_2\":0,\"arms\":67,\"pants_1\":36,\"skin\":29,\"eyebrows_2\":0,\"shoes\":10,\"helmet_1\":-1,\"lipstick_1\":0,\"helmet_2\":0,\"hair_color_1\":0,\"glasses\":0,\"makeup_4\":0,\"makeup_1\":0,\"hair_1\":2,\"bproof_1\":0,\"bags_1\":0,\"mask_1\":0,\"lipstick_3\":0,\"chain_1\":0,\"eyebrows_4\":0,\"sex\":0,\"torso_1\":56,\"beard_2\":6,\"shoes_1\":12,\"decals_1\":0,\"face\":19,\"lipstick_4\":0,\"tshirt_1\":15,\"mask_2\":0,\"age_2\":0,\"eyebrows_3\":0,\"chain_2\":0,\"glasses_1\":0,\"ears_1\":-1,\"bags_2\":0,\"ears_2\":0,\"torso_2\":0,\"bproof_2\":0,\"makeup_2\":0,\"eyebrows_1\":0,\"makeup_3\":0,\"pants_2\":0,\"beard_3\":0,\"hair_color_2\":4}', '{\"age_1\":0,\"glasses_2\":0,\"beard_1\":5,\"decals_2\":0,\"beard_4\":0,\"shoes_2\":0,\"tshirt_2\":0,\"lipstick_2\":0,\"hair_2\":0,\"arms\":72,\"pants_1\":45,\"skin\":29,\"eyebrows_2\":0,\"shoes\":10,\"helmet_1\":-1,\"lipstick_1\":0,\"helmet_2\":0,\"hair_color_1\":0,\"glasses\":0,\"makeup_4\":0,\"makeup_1\":0,\"hair_1\":2,\"bproof_1\":0,\"bags_1\":0,\"mask_1\":0,\"lipstick_3\":0,\"chain_1\":0,\"eyebrows_4\":0,\"sex\":1,\"torso_1\":49,\"beard_2\":6,\"shoes_1\":24,\"decals_1\":0,\"face\":19,\"lipstick_4\":0,\"tshirt_1\":9,\"mask_2\":0,\"age_2\":0,\"eyebrows_3\":0,\"chain_2\":0,\"glasses_1\":5,\"ears_1\":-1,\"bags_2\":0,\"ears_2\":0,\"torso_2\":0,\"bproof_2\":0,\"makeup_2\":0,\"eyebrows_1\":0,\"makeup_3\":0,\"pants_2\":0,\"beard_3\":0,\"hair_color_2\":4}'),
(9, 'police', 0, 'recruit', 'Recruit', 20, '{}', '{}'),
(10, 'police', 1, 'officer', 'Officer', 40, '{}', '{}'),
(11, 'police', 2, 'sergeant', 'Sergeant', 60, '{}', '{}'),
(12, 'police', 3, 'lieutenant', 'Lieutenant', 85, '{}', '{}'),
(13, 'police', 4, 'boss', 'Chief', 100, '{}', '{}'),
(14, 'realestateagent', 0, 'location', 'Renting Agent', 10, '{}', '{}'),
(15, 'realestateagent', 1, 'vendeur', 'Agent', 25, '{}', '{}'),
(16, 'realestateagent', 2, 'gestion', 'Management', 40, '{}', '{}'),
(17, 'realestateagent', 3, 'boss', 'Broker', 0, '{}', '{}');

-- --------------------------------------------------------

--
-- Table structure for table `licenses`
--

CREATE TABLE `licenses` (
  `type` varchar(60) COLLATE utf8_unicode_ci NOT NULL,
  `label` varchar(60) COLLATE utf8_unicode_ci NOT NULL
) ENGINE=InnoDB DEFAULT CHARSET=utf8 COLLATE=utf8_unicode_ci;

--
-- Dumping data for table `licenses`
--

INSERT INTO `licenses` (`type`, `label`) VALUES
('dmv', 'Driving Permit'),
('drive', 'Drivers License'),
('drive_bike', 'Motorcycle License'),
('drive_truck', 'Commercial Drivers License');

-- --------------------------------------------------------

--
-- Table structure for table `owned_properties`
--

CREATE TABLE `owned_properties` (
  `id` int(11) NOT NULL,
  `name` varchar(255) COLLATE utf8_unicode_ci NOT NULL,
  `price` double NOT NULL,
  `rented` int(11) NOT NULL,
  `owner` varchar(60) COLLATE utf8_unicode_ci NOT NULL
) ENGINE=InnoDB DEFAULT CHARSET=utf8 COLLATE=utf8_unicode_ci;

-- --------------------------------------------------------

--
-- Table structure for table `phone_app_chat`
--

CREATE TABLE `phone_app_chat` (
  `id` int(11) NOT NULL,
  `channel` varchar(20) NOT NULL,
  `message` varchar(255) NOT NULL,
  `time` timestamp NOT NULL DEFAULT current_timestamp()
) ENGINE=InnoDB DEFAULT CHARSET=utf8;

-- --------------------------------------------------------

--
-- Table structure for table `phone_calls`
--

CREATE TABLE `phone_calls` (
  `id` int(11) NOT NULL,
  `owner` varchar(10) NOT NULL COMMENT 'Num tel proprio',
  `num` varchar(10) NOT NULL COMMENT 'Num reférence du contact',
  `incoming` int(11) NOT NULL COMMENT 'Défini si on est à l''origine de l''appels',
  `time` timestamp NOT NULL DEFAULT current_timestamp(),
  `accepts` int(11) NOT NULL COMMENT 'Appels accepter ou pas'
) ENGINE=InnoDB DEFAULT CHARSET=utf8;

-- --------------------------------------------------------

--
-- Table structure for table `phone_messages`
--

CREATE TABLE `phone_messages` (
  `id` int(11) NOT NULL,
  `transmitter` varchar(10) NOT NULL,
  `receiver` varchar(10) NOT NULL,
  `message` varchar(255) NOT NULL DEFAULT '0',
  `time` timestamp NOT NULL DEFAULT current_timestamp(),
  `isRead` int(11) NOT NULL DEFAULT 0,
  `owner` int(11) NOT NULL DEFAULT 0
) ENGINE=MyISAM DEFAULT CHARSET=utf8;

-- --------------------------------------------------------

--
-- Table structure for table `phone_users_contacts`
--

CREATE TABLE `phone_users_contacts` (
  `id` int(11) NOT NULL,
  `identifier` varchar(60) CHARACTER SET utf8mb4 DEFAULT NULL,
  `number` varchar(10) CHARACTER SET utf8mb4 DEFAULT NULL,
  `display` varchar(64) CHARACTER SET utf8mb4 NOT NULL DEFAULT '-1'
) ENGINE=MyISAM DEFAULT CHARSET=utf8;

-- --------------------------------------------------------

--
-- Table structure for table `properties`
--

CREATE TABLE `properties` (
  `id` int(11) NOT NULL,
  `name` varchar(255) COLLATE utf8_unicode_ci DEFAULT NULL,
  `label` varchar(255) COLLATE utf8_unicode_ci DEFAULT NULL,
  `entering` varchar(255) COLLATE utf8_unicode_ci DEFAULT NULL,
  `exit` varchar(255) COLLATE utf8_unicode_ci DEFAULT NULL,
  `inside` varchar(255) COLLATE utf8_unicode_ci DEFAULT NULL,
  `outside` varchar(255) COLLATE utf8_unicode_ci DEFAULT NULL,
  `ipls` varchar(255) COLLATE utf8_unicode_ci DEFAULT '[]',
  `gateway` varchar(255) COLLATE utf8_unicode_ci DEFAULT NULL,
  `is_single` int(11) DEFAULT NULL,
  `is_room` int(11) DEFAULT NULL,
  `is_gateway` int(11) DEFAULT NULL,
  `room_menu` varchar(255) COLLATE utf8_unicode_ci DEFAULT NULL,
  `price` int(11) NOT NULL
) ENGINE=InnoDB DEFAULT CHARSET=utf8 COLLATE=utf8_unicode_ci;

--
-- Dumping data for table `properties`
--

INSERT INTO `properties` (`id`, `name`, `label`, `entering`, `exit`, `inside`, `outside`, `ipls`, `gateway`, `is_single`, `is_room`, `is_gateway`, `room_menu`, `price`) VALUES
(1, 'WhispymoundDrive', '2677 Whispymound Drive', '{\"y\":564.89,\"z\":182.959,\"x\":119.384}', '{\"x\":117.347,\"y\":559.506,\"z\":183.304}', '{\"y\":557.032,\"z\":183.301,\"x\":118.037}', '{\"y\":567.798,\"z\":182.131,\"x\":119.249}', '[]', NULL, 1, 1, 0, '{\"x\":118.748,\"y\":566.573,\"z\":175.697}', 1500000),
(2, 'NorthConkerAvenue2045', '2045 North Conker Avenue', '{\"x\":372.796,\"y\":428.327,\"z\":144.685}', '{\"x\":373.548,\"y\":422.982,\"z\":144.907},', '{\"y\":420.075,\"z\":145.904,\"x\":372.161}', '{\"x\":372.454,\"y\":432.886,\"z\":143.443}', '[]', NULL, 1, 1, 0, '{\"x\":377.349,\"y\":429.422,\"z\":137.3}', 1500000),
(3, 'RichardMajesticApt2', 'Richard Majestic, Apt 2', '{\"y\":-379.165,\"z\":37.961,\"x\":-936.363}', '{\"y\":-365.476,\"z\":113.274,\"x\":-913.097}', '{\"y\":-367.637,\"z\":113.274,\"x\":-918.022}', '{\"y\":-382.023,\"z\":37.961,\"x\":-943.626}', '[]', NULL, 1, 1, 0, '{\"x\":-927.554,\"y\":-377.744,\"z\":112.674}', 1700000),
(4, 'NorthConkerAvenue2044', '2044 North Conker Avenue', '{\"y\":440.8,\"z\":146.702,\"x\":346.964}', '{\"y\":437.456,\"z\":148.394,\"x\":341.683}', '{\"y\":435.626,\"z\":148.394,\"x\":339.595}', '{\"x\":350.535,\"y\":443.329,\"z\":145.764}', '[]', NULL, 1, 1, 0, '{\"x\":337.726,\"y\":436.985,\"z\":140.77}', 1500000),
(5, 'WildOatsDrive', '3655 Wild Oats Drive', '{\"y\":502.696,\"z\":136.421,\"x\":-176.003}', '{\"y\":497.817,\"z\":136.653,\"x\":-174.349}', '{\"y\":495.069,\"z\":136.666,\"x\":-173.331}', '{\"y\":506.412,\"z\":135.0664,\"x\":-177.927}', '[]', NULL, 1, 1, 0, '{\"x\":-174.725,\"y\":493.095,\"z\":129.043}', 1500000),
(6, 'HillcrestAvenue2862', '2862 Hillcrest Avenue', '{\"y\":596.58,\"z\":142.641,\"x\":-686.554}', '{\"y\":591.988,\"z\":144.392,\"x\":-681.728}', '{\"y\":590.608,\"z\":144.392,\"x\":-680.124}', '{\"y\":599.019,\"z\":142.059,\"x\":-689.492}', '[]', NULL, 1, 1, 0, '{\"x\":-680.46,\"y\":588.6,\"z\":136.769}', 1500000),
(7, 'LowEndApartment', 'Appartement de base', '{\"y\":-1078.735,\"z\":28.4031,\"x\":292.528}', '{\"y\":-1007.152,\"z\":-102.002,\"x\":265.845}', '{\"y\":-1002.802,\"z\":-100.008,\"x\":265.307}', '{\"y\":-1078.669,\"z\":28.401,\"x\":296.738}', '[]', NULL, 1, 1, 0, '{\"x\":265.916,\"y\":-999.38,\"z\":-100.008}', 562500),
(8, 'MadWayneThunder', '2113 Mad Wayne Thunder', '{\"y\":454.955,\"z\":96.462,\"x\":-1294.433}', '{\"x\":-1289.917,\"y\":449.541,\"z\":96.902}', '{\"y\":446.322,\"z\":96.899,\"x\":-1289.642}', '{\"y\":455.453,\"z\":96.517,\"x\":-1298.851}', '[]', NULL, 1, 1, 0, '{\"x\":-1287.306,\"y\":455.901,\"z\":89.294}', 1500000),
(9, 'HillcrestAvenue2874', '2874 Hillcrest Avenue', '{\"x\":-853.346,\"y\":696.678,\"z\":147.782}', '{\"y\":690.875,\"z\":151.86,\"x\":-859.961}', '{\"y\":688.361,\"z\":151.857,\"x\":-859.395}', '{\"y\":701.628,\"z\":147.773,\"x\":-855.007}', '[]', NULL, 1, 1, 0, '{\"x\":-858.543,\"y\":697.514,\"z\":144.253}', 1500000),
(10, 'HillcrestAvenue2868', '2868 Hillcrest Avenue', '{\"y\":620.494,\"z\":141.588,\"x\":-752.82}', '{\"y\":618.62,\"z\":143.153,\"x\":-759.317}', '{\"y\":617.629,\"z\":143.153,\"x\":-760.789}', '{\"y\":621.281,\"z\":141.254,\"x\":-750.919}', '[]', NULL, 1, 1, 0, '{\"x\":-762.504,\"y\":618.992,\"z\":135.53}', 1500000),
(11, 'TinselTowersApt12', 'Tinsel Towers, Apt 42', '{\"y\":37.025,\"z\":42.58,\"x\":-618.299}', '{\"y\":58.898,\"z\":97.2,\"x\":-603.301}', '{\"y\":58.941,\"z\":97.2,\"x\":-608.741}', '{\"y\":30.603,\"z\":42.524,\"x\":-620.017}', '[]', NULL, 1, 1, 0, '{\"x\":-622.173,\"y\":54.585,\"z\":96.599}', 1700000),
(12, 'MiltonDrive', 'Milton Drive', '{\"x\":-775.17,\"y\":312.01,\"z\":84.658}', NULL, NULL, '{\"x\":-775.346,\"y\":306.776,\"z\":84.7}', '[]', NULL, 0, 0, 1, NULL, 0),
(13, 'Modern1Apartment', 'Appartement Moderne 1', NULL, '{\"x\":-784.194,\"y\":323.636,\"z\":210.997}', '{\"x\":-779.751,\"y\":323.385,\"z\":210.997}', NULL, '[\"apa_v_mp_h_01_a\"]', 'MiltonDrive', 0, 1, 0, '{\"x\":-766.661,\"y\":327.672,\"z\":210.396}', 1300000),
(14, 'Modern2Apartment', 'Appartement Moderne 2', NULL, '{\"x\":-786.8663,\"y\":315.764,\"z\":186.913}', '{\"x\":-781.808,\"y\":315.866,\"z\":186.913}', NULL, '[\"apa_v_mp_h_01_c\"]', 'MiltonDrive', 0, 1, 0, '{\"x\":-795.735,\"y\":326.757,\"z\":186.313}', 1300000),
(15, 'Modern3Apartment', 'Appartement Moderne 3', NULL, '{\"x\":-774.012,\"y\":342.042,\"z\":195.686}', '{\"x\":-779.057,\"y\":342.063,\"z\":195.686}', NULL, '[\"apa_v_mp_h_01_b\"]', 'MiltonDrive', 0, 1, 0, '{\"x\":-765.386,\"y\":330.782,\"z\":195.08}', 1300000),
(16, 'Mody1Apartment', 'Appartement Mode 1', NULL, '{\"x\":-784.194,\"y\":323.636,\"z\":210.997}', '{\"x\":-779.751,\"y\":323.385,\"z\":210.997}', NULL, '[\"apa_v_mp_h_02_a\"]', 'MiltonDrive', 0, 1, 0, '{\"x\":-766.615,\"y\":327.878,\"z\":210.396}', 1300000),
(17, 'Mody2Apartment', 'Appartement Mode 2', NULL, '{\"x\":-786.8663,\"y\":315.764,\"z\":186.913}', '{\"x\":-781.808,\"y\":315.866,\"z\":186.913}', NULL, '[\"apa_v_mp_h_02_c\"]', 'MiltonDrive', 0, 1, 0, '{\"x\":-795.297,\"y\":327.092,\"z\":186.313}', 1300000),
(18, 'Mody3Apartment', 'Appartement Mode 3', NULL, '{\"x\":-774.012,\"y\":342.042,\"z\":195.686}', '{\"x\":-779.057,\"y\":342.063,\"z\":195.686}', NULL, '[\"apa_v_mp_h_02_b\"]', 'MiltonDrive', 0, 1, 0, '{\"x\":-765.303,\"y\":330.932,\"z\":195.085}', 1300000),
(19, 'Vibrant1Apartment', 'Appartement Vibrant 1', NULL, '{\"x\":-784.194,\"y\":323.636,\"z\":210.997}', '{\"x\":-779.751,\"y\":323.385,\"z\":210.997}', NULL, '[\"apa_v_mp_h_03_a\"]', 'MiltonDrive', 0, 1, 0, '{\"x\":-765.885,\"y\":327.641,\"z\":210.396}', 1300000),
(20, 'Vibrant2Apartment', 'Appartement Vibrant 2', NULL, '{\"x\":-786.8663,\"y\":315.764,\"z\":186.913}', '{\"x\":-781.808,\"y\":315.866,\"z\":186.913}', NULL, '[\"apa_v_mp_h_03_c\"]', 'MiltonDrive', 0, 1, 0, '{\"x\":-795.607,\"y\":327.344,\"z\":186.313}', 1300000),
(21, 'Vibrant3Apartment', 'Appartement Vibrant 3', NULL, '{\"x\":-774.012,\"y\":342.042,\"z\":195.686}', '{\"x\":-779.057,\"y\":342.063,\"z\":195.686}', NULL, '[\"apa_v_mp_h_03_b\"]', 'MiltonDrive', 0, 1, 0, '{\"x\":-765.525,\"y\":330.851,\"z\":195.085}', 1300000),
(22, 'Sharp1Apartment', 'Appartement Persan 1', NULL, '{\"x\":-784.194,\"y\":323.636,\"z\":210.997}', '{\"x\":-779.751,\"y\":323.385,\"z\":210.997}', NULL, '[\"apa_v_mp_h_04_a\"]', 'MiltonDrive', 0, 1, 0, '{\"x\":-766.527,\"y\":327.89,\"z\":210.396}', 1300000),
(23, 'Sharp2Apartment', 'Appartement Persan 2', NULL, '{\"x\":-786.8663,\"y\":315.764,\"z\":186.913}', '{\"x\":-781.808,\"y\":315.866,\"z\":186.913}', NULL, '[\"apa_v_mp_h_04_c\"]', 'MiltonDrive', 0, 1, 0, '{\"x\":-795.642,\"y\":326.497,\"z\":186.313}', 1300000),
(24, 'Sharp3Apartment', 'Appartement Persan 3', NULL, '{\"x\":-774.012,\"y\":342.042,\"z\":195.686}', '{\"x\":-779.057,\"y\":342.063,\"z\":195.686}', NULL, '[\"apa_v_mp_h_04_b\"]', 'MiltonDrive', 0, 1, 0, '{\"x\":-765.503,\"y\":331.318,\"z\":195.085}', 1300000),
(25, 'Monochrome1Apartment', 'Appartement Monochrome 1', NULL, '{\"x\":-784.194,\"y\":323.636,\"z\":210.997}', '{\"x\":-779.751,\"y\":323.385,\"z\":210.997}', NULL, '[\"apa_v_mp_h_05_a\"]', 'MiltonDrive', 0, 1, 0, '{\"x\":-766.289,\"y\":328.086,\"z\":210.396}', 1300000),
(26, 'Monochrome2Apartment', 'Appartement Monochrome 2', NULL, '{\"x\":-786.8663,\"y\":315.764,\"z\":186.913}', '{\"x\":-781.808,\"y\":315.866,\"z\":186.913}', NULL, '[\"apa_v_mp_h_05_c\"]', 'MiltonDrive', 0, 1, 0, '{\"x\":-795.692,\"y\":326.762,\"z\":186.313}', 1300000),
(27, 'Monochrome3Apartment', 'Appartement Monochrome 3', NULL, '{\"x\":-774.012,\"y\":342.042,\"z\":195.686}', '{\"x\":-779.057,\"y\":342.063,\"z\":195.686}', NULL, '[\"apa_v_mp_h_05_b\"]', 'MiltonDrive', 0, 1, 0, '{\"x\":-765.094,\"y\":330.976,\"z\":195.085}', 1300000),
(28, 'Seductive1Apartment', 'Appartement Séduisant 1', NULL, '{\"x\":-784.194,\"y\":323.636,\"z\":210.997}', '{\"x\":-779.751,\"y\":323.385,\"z\":210.997}', NULL, '[\"apa_v_mp_h_06_a\"]', 'MiltonDrive', 0, 1, 0, '{\"x\":-766.263,\"y\":328.104,\"z\":210.396}', 1300000),
(29, 'Seductive2Apartment', 'Appartement Séduisant 2', NULL, '{\"x\":-786.8663,\"y\":315.764,\"z\":186.913}', '{\"x\":-781.808,\"y\":315.866,\"z\":186.913}', NULL, '[\"apa_v_mp_h_06_c\"]', 'MiltonDrive', 0, 1, 0, '{\"x\":-795.655,\"y\":326.611,\"z\":186.313}', 1300000),
(30, 'Seductive3Apartment', 'Appartement Séduisant 3', NULL, '{\"x\":-774.012,\"y\":342.042,\"z\":195.686}', '{\"x\":-779.057,\"y\":342.063,\"z\":195.686}', NULL, '[\"apa_v_mp_h_06_b\"]', 'MiltonDrive', 0, 1, 0, '{\"x\":-765.3,\"y\":331.414,\"z\":195.085}', 1300000),
(31, 'Regal1Apartment', 'Appartement Régal 1', NULL, '{\"x\":-784.194,\"y\":323.636,\"z\":210.997}', '{\"x\":-779.751,\"y\":323.385,\"z\":210.997}', NULL, '[\"apa_v_mp_h_07_a\"]', 'MiltonDrive', 0, 1, 0, '{\"x\":-765.956,\"y\":328.257,\"z\":210.396}', 1300000),
(32, 'Regal2Apartment', 'Appartement Régal 2', NULL, '{\"x\":-786.8663,\"y\":315.764,\"z\":186.913}', '{\"x\":-781.808,\"y\":315.866,\"z\":186.913}', NULL, '[\"apa_v_mp_h_07_c\"]', 'MiltonDrive', 0, 1, 0, '{\"x\":-795.545,\"y\":326.659,\"z\":186.313}', 1300000),
(33, 'Regal3Apartment', 'Appartement Régal 3', NULL, '{\"x\":-774.012,\"y\":342.042,\"z\":195.686}', '{\"x\":-779.057,\"y\":342.063,\"z\":195.686}', NULL, '[\"apa_v_mp_h_07_b\"]', 'MiltonDrive', 0, 1, 0, '{\"x\":-765.087,\"y\":331.429,\"z\":195.123}', 1300000),
(34, 'Aqua1Apartment', 'Appartement Aqua 1', NULL, '{\"x\":-784.194,\"y\":323.636,\"z\":210.997}', '{\"x\":-779.751,\"y\":323.385,\"z\":210.997}', NULL, '[\"apa_v_mp_h_08_a\"]', 'MiltonDrive', 0, 1, 0, '{\"x\":-766.187,\"y\":328.47,\"z\":210.396}', 1300000),
(35, 'Aqua2Apartment', 'Appartement Aqua 2', NULL, '{\"x\":-786.8663,\"y\":315.764,\"z\":186.913}', '{\"x\":-781.808,\"y\":315.866,\"z\":186.913}', NULL, '[\"apa_v_mp_h_08_c\"]', 'MiltonDrive', 0, 1, 0, '{\"x\":-795.658,\"y\":326.563,\"z\":186.313}', 1300000),
(36, 'Aqua3Apartment', 'Appartement Aqua 3', NULL, '{\"x\":-774.012,\"y\":342.042,\"z\":195.686}', '{\"x\":-779.057,\"y\":342.063,\"z\":195.686}', NULL, '[\"apa_v_mp_h_08_b\"]', 'MiltonDrive', 0, 1, 0, '{\"x\":-765.287,\"y\":331.084,\"z\":195.086}', 1300000),
(37, 'IntegrityWay', '4 Integrity Way', '{\"x\":-47.804,\"y\":-585.867,\"z\":36.956}', NULL, NULL, '{\"x\":-54.178,\"y\":-583.762,\"z\":35.798}', '[]', NULL, 0, 0, 1, NULL, 0),
(38, 'IntegrityWay28', '4 Integrity Way - Apt 28', NULL, '{\"x\":-31.409,\"y\":-594.927,\"z\":79.03}', '{\"x\":-26.098,\"y\":-596.909,\"z\":79.03}', NULL, '[]', 'IntegrityWay', 0, 1, 0, '{\"x\":-11.923,\"y\":-597.083,\"z\":78.43}', 1700000),
(39, 'IntegrityWay30', '4 Integrity Way - Apt 30', NULL, '{\"x\":-17.702,\"y\":-588.524,\"z\":89.114}', '{\"x\":-16.21,\"y\":-582.569,\"z\":89.114}', NULL, '[]', 'IntegrityWay', 0, 1, 0, '{\"x\":-26.327,\"y\":-588.384,\"z\":89.123}', 1700000),
(40, 'DellPerroHeights', 'Dell Perro Heights', '{\"x\":-1447.06,\"y\":-538.28,\"z\":33.74}', NULL, NULL, '{\"x\":-1440.022,\"y\":-548.696,\"z\":33.74}', '[]', NULL, 0, 0, 1, NULL, 0),
(41, 'DellPerroHeightst4', 'Dell Perro Heights - Apt 28', NULL, '{\"x\":-1452.125,\"y\":-540.591,\"z\":73.044}', '{\"x\":-1455.435,\"y\":-535.79,\"z\":73.044}', NULL, '[]', 'DellPerroHeights', 0, 1, 0, '{\"x\":-1467.058,\"y\":-527.571,\"z\":72.443}', 1700000),
(42, 'DellPerroHeightst7', 'Dell Perro Heights - Apt 30', NULL, '{\"x\":-1451.562,\"y\":-523.535,\"z\":55.928}', '{\"x\":-1456.02,\"y\":-519.209,\"z\":55.929}', NULL, '[]', 'DellPerroHeights', 0, 1, 0, '{\"x\":-1457.026,\"y\":-530.219,\"z\":55.937}', 1700000),
(43, 'MazeBankBuilding', 'Maze Bank Building', '{\"x\":-79.18,\"y\":-795.92,\"z\":43.35}', NULL, NULL, '{\"x\":-72.50,\"y\":-786.92,\"z\":43.40}', '[]', NULL, 0, 0, 1, NULL, 0),
(44, 'OldSpiceWarm', 'Old Spice Warm', NULL, '{\"x\":-75.69,\"y\":-827.08,\"z\":242.43}', '{\"x\":-75.51,\"y\":-823.90,\"z\":242.43}', NULL, '[\"ex_dt1_11_office_01a\"]', 'MazeBankBuilding', 0, 1, 0, '{\"x\":-71.81,\"y\":-814.34,\"z\":242.39}', 5000000),
(45, 'OldSpiceClassical', 'Old Spice Classical', NULL, '{\"x\":-75.69,\"y\":-827.08,\"z\":242.43}', '{\"x\":-75.51,\"y\":-823.90,\"z\":242.43}', NULL, '[\"ex_dt1_11_office_01b\"]', 'MazeBankBuilding', 0, 1, 0, '{\"x\":-71.81,\"y\":-814.34,\"z\":242.39}', 5000000),
(46, 'OldSpiceVintage', 'Old Spice Vintage', NULL, '{\"x\":-75.69,\"y\":-827.08,\"z\":242.43}', '{\"x\":-75.51,\"y\":-823.90,\"z\":242.43}', NULL, '[\"ex_dt1_11_office_01c\"]', 'MazeBankBuilding', 0, 1, 0, '{\"x\":-71.81,\"y\":-814.34,\"z\":242.39}', 5000000),
(47, 'ExecutiveRich', 'Executive Rich', NULL, '{\"x\":-75.69,\"y\":-827.08,\"z\":242.43}', '{\"x\":-75.51,\"y\":-823.90,\"z\":242.43}', NULL, '[\"ex_dt1_11_office_02b\"]', 'MazeBankBuilding', 0, 1, 0, '{\"x\":-71.81,\"y\":-814.34,\"z\":242.39}', 5000000),
(48, 'ExecutiveCool', 'Executive Cool', NULL, '{\"x\":-75.69,\"y\":-827.08,\"z\":242.43}', '{\"x\":-75.51,\"y\":-823.90,\"z\":242.43}', NULL, '[\"ex_dt1_11_office_02c\"]', 'MazeBankBuilding', 0, 1, 0, '{\"x\":-71.81,\"y\":-814.34,\"z\":242.39}', 5000000),
(49, 'ExecutiveContrast', 'Executive Contrast', NULL, '{\"x\":-75.69,\"y\":-827.08,\"z\":242.43}', '{\"x\":-75.51,\"y\":-823.90,\"z\":242.43}', NULL, '[\"ex_dt1_11_office_02a\"]', 'MazeBankBuilding', 0, 1, 0, '{\"x\":-71.81,\"y\":-814.34,\"z\":242.39}', 5000000),
(50, 'PowerBrokerIce', 'Power Broker Ice', NULL, '{\"x\":-75.69,\"y\":-827.08,\"z\":242.43}', '{\"x\":-75.51,\"y\":-823.90,\"z\":242.43}', NULL, '[\"ex_dt1_11_office_03a\"]', 'MazeBankBuilding', 0, 1, 0, '{\"x\":-71.81,\"y\":-814.34,\"z\":242.39}', 5000000),
(51, 'PowerBrokerConservative', 'Power Broker Conservative', NULL, '{\"x\":-75.69,\"y\":-827.08,\"z\":242.43}', '{\"x\":-75.51,\"y\":-823.90,\"z\":242.43}', NULL, '[\"ex_dt1_11_office_03b\"]', 'MazeBankBuilding', 0, 1, 0, '{\"x\":-71.81,\"y\":-814.34,\"z\":242.39}', 5000000),
(52, 'PowerBrokerPolished', 'Power Broker Polished', NULL, '{\"x\":-75.69,\"y\":-827.08,\"z\":242.43}', '{\"x\":-75.51,\"y\":-823.90,\"z\":242.43}', NULL, '[\"ex_dt1_11_office_03c\"]', 'MazeBankBuilding', 0, 1, 0, '{\"x\":-71.81,\"y\":-814.34,\"z\":242.39}', 5000000),
(53, 'LomBank', 'Lom Bank', '{\"x\":-1581.36,\"y\":-558.23,\"z\":34.07}', NULL, NULL, '{\"x\":-1583.60,\"y\":-555.12,\"z\":34.07}', '[]', NULL, 0, 0, 1, NULL, 0),
(54, 'LBOldSpiceWarm', 'LB Old Spice Warm', NULL, '{\"x\":-1579.53,\"y\":-564.89,\"z\":107.62}', '{\"x\":-1576.42,\"y\":-567.57,\"z\":107.62}', NULL, '[\"ex_sm_13_office_01a\"]', 'LomBank', 0, 1, 0, '{\"x\":-1571.26,\"y\":-575.76,\"z\":107.52}', 3500000),
(55, 'LBOldSpiceClassical', 'LB Old Spice Classical', NULL, '{\"x\":-1579.53,\"y\":-564.89,\"z\":107.62}', '{\"x\":-1576.42,\"y\":-567.57,\"z\":107.62}', NULL, '[\"ex_sm_13_office_01b\"]', 'LomBank', 0, 1, 0, '{\"x\":-1571.26,\"y\":-575.76,\"z\":107.52}', 3500000),
(56, 'LBOldSpiceVintage', 'LB Old Spice Vintage', NULL, '{\"x\":-1579.53,\"y\":-564.89,\"z\":107.62}', '{\"x\":-1576.42,\"y\":-567.57,\"z\":107.62}', NULL, '[\"ex_sm_13_office_01c\"]', 'LomBank', 0, 1, 0, '{\"x\":-1571.26,\"y\":-575.76,\"z\":107.52}', 3500000),
(57, 'LBExecutiveRich', 'LB Executive Rich', NULL, '{\"x\":-1579.53,\"y\":-564.89,\"z\":107.62}', '{\"x\":-1576.42,\"y\":-567.57,\"z\":107.62}', NULL, '[\"ex_sm_13_office_02b\"]', 'LomBank', 0, 1, 0, '{\"x\":-1571.26,\"y\":-575.76,\"z\":107.52}', 3500000),
(58, 'LBExecutiveCool', 'LB Executive Cool', NULL, '{\"x\":-1579.53,\"y\":-564.89,\"z\":107.62}', '{\"x\":-1576.42,\"y\":-567.57,\"z\":107.62}', NULL, '[\"ex_sm_13_office_02c\"]', 'LomBank', 0, 1, 0, '{\"x\":-1571.26,\"y\":-575.76,\"z\":107.52}', 3500000),
(59, 'LBExecutiveContrast', 'LB Executive Contrast', NULL, '{\"x\":-1579.53,\"y\":-564.89,\"z\":107.62}', '{\"x\":-1576.42,\"y\":-567.57,\"z\":107.62}', NULL, '[\"ex_sm_13_office_02a\"]', 'LomBank', 0, 1, 0, '{\"x\":-1571.26,\"y\":-575.76,\"z\":107.52}', 3500000),
(60, 'LBPowerBrokerIce', 'LB Power Broker Ice', NULL, '{\"x\":-1579.53,\"y\":-564.89,\"z\":107.62}', '{\"x\":-1576.42,\"y\":-567.57,\"z\":107.62}', NULL, '[\"ex_sm_13_office_03a\"]', 'LomBank', 0, 1, 0, '{\"x\":-1571.26,\"y\":-575.76,\"z\":107.52}', 3500000),
(61, 'LBPowerBrokerConservative', 'LB Power Broker Conservative', NULL, '{\"x\":-1579.53,\"y\":-564.89,\"z\":107.62}', '{\"x\":-1576.42,\"y\":-567.57,\"z\":107.62}', NULL, '[\"ex_sm_13_office_03b\"]', 'LomBank', 0, 1, 0, '{\"x\":-1571.26,\"y\":-575.76,\"z\":107.52}', 3500000),
(62, 'LBPowerBrokerPolished', 'LB Power Broker Polished', NULL, '{\"x\":-1579.53,\"y\":-564.89,\"z\":107.62}', '{\"x\":-1576.42,\"y\":-567.57,\"z\":107.62}', NULL, '[\"ex_sm_13_office_03c\"]', 'LomBank', 0, 1, 0, '{\"x\":-1571.26,\"y\":-575.76,\"z\":107.52}', 3500000),
(63, 'MazeBankWest', 'Maze Bank West', '{\"x\":-1379.58,\"y\":-499.63,\"z\":32.22}', NULL, NULL, '{\"x\":-1378.95,\"y\":-502.82,\"z\":32.22}', '[]', NULL, 0, 0, 1, NULL, 0),
(64, 'MBWOldSpiceWarm', 'MBW Old Spice Warm', NULL, '{\"x\":-1392.74,\"y\":-480.18,\"z\":71.14}', '{\"x\":-1389.43,\"y\":-479.01,\"z\":71.14}', NULL, '[\"ex_sm_15_office_01a\"]', 'MazeBankWest', 0, 1, 0, '{\"x\":-1390.76,\"y\":-479.22,\"z\":72.04}', 2700000),
(65, 'MBWOldSpiceClassical', 'MBW Old Spice Classical', NULL, '{\"x\":-1392.74,\"y\":-480.18,\"z\":71.14}', '{\"x\":-1389.43,\"y\":-479.01,\"z\":71.14}', NULL, '[\"ex_sm_15_office_01b\"]', 'MazeBankWest', 0, 1, 0, '{\"x\":-1390.76,\"y\":-479.22,\"z\":72.04}', 2700000),
(66, 'MBWOldSpiceVintage', 'MBW Old Spice Vintage', NULL, '{\"x\":-1392.74,\"y\":-480.18,\"z\":71.14}', '{\"x\":-1389.43,\"y\":-479.01,\"z\":71.14}', NULL, '[\"ex_sm_15_office_01c\"]', 'MazeBankWest', 0, 1, 0, '{\"x\":-1390.76,\"y\":-479.22,\"z\":72.04}', 2700000),
(67, 'MBWExecutiveRich', 'MBW Executive Rich', NULL, '{\"x\":-1392.74,\"y\":-480.18,\"z\":71.14}', '{\"x\":-1389.43,\"y\":-479.01,\"z\":71.14}', NULL, '[\"ex_sm_15_office_02b\"]', 'MazeBankWest', 0, 1, 0, '{\"x\":-1390.76,\"y\":-479.22,\"z\":72.04}', 2700000),
(68, 'MBWExecutiveCool', 'MBW Executive Cool', NULL, '{\"x\":-1392.74,\"y\":-480.18,\"z\":71.14}', '{\"x\":-1389.43,\"y\":-479.01,\"z\":71.14}', NULL, '[\"ex_sm_15_office_02c\"]', 'MazeBankWest', 0, 1, 0, '{\"x\":-1390.76,\"y\":-479.22,\"z\":72.04}', 2700000),
(69, 'MBWExecutive Contrast', 'MBW Executive Contrast', NULL, '{\"x\":-1392.74,\"y\":-480.18,\"z\":71.14}', '{\"x\":-1389.43,\"y\":-479.01,\"z\":71.14}', NULL, '[\"ex_sm_15_office_02a\"]', 'MazeBankWest', 0, 1, 0, '{\"x\":-1390.76,\"y\":-479.22,\"z\":72.04}', 2700000),
(70, 'MBWPowerBrokerIce', 'MBW Power Broker Ice', NULL, '{\"x\":-1392.74,\"y\":-480.18,\"z\":71.14}', '{\"x\":-1389.43,\"y\":-479.01,\"z\":71.14}', NULL, '[\"ex_sm_15_office_03a\"]', 'MazeBankWest', 0, 1, 0, '{\"x\":-1390.76,\"y\":-479.22,\"z\":72.04}', 2700000),
(71, 'MBWPowerBrokerConvservative', 'MBW Power Broker Convservative', NULL, '{\"x\":-1392.74,\"y\":-480.18,\"z\":71.14}', '{\"x\":-1389.43,\"y\":-479.01,\"z\":71.14}', NULL, '[\"ex_sm_15_office_03b\"]', 'MazeBankWest', 0, 1, 0, '{\"x\":-1390.76,\"y\":-479.22,\"z\":72.04}', 2700000),
(72, 'MBWPowerBrokerPolished', 'MBW Power Broker Polished', NULL, '{\"x\":-1392.74,\"y\":-480.18,\"z\":71.14}', '{\"x\":-1389.43,\"y\":-479.01,\"z\":71.14}', NULL, '[\"ex_sm_15_office_03c\"]', 'MazeBankWest', 0, 1, 0, '{\"x\":-1390.76,\"y\":-479.22,\"z\":72.04}', 2700000);

-- --------------------------------------------------------

--
-- Table structure for table `society_moneywash`
--

CREATE TABLE `society_moneywash` (
  `id` int(11) NOT NULL,
  `identifier` varchar(60) COLLATE utf8_unicode_ci NOT NULL,
  `society` varchar(60) COLLATE utf8_unicode_ci NOT NULL,
  `amount` int(11) NOT NULL
) ENGINE=InnoDB DEFAULT CHARSET=utf8 COLLATE=utf8_unicode_ci;

-- --------------------------------------------------------

--
-- Table structure for table `twitter_accounts`
--

CREATE TABLE `twitter_accounts` (
  `id` int(11) NOT NULL,
  `username` varchar(50) CHARACTER SET utf8 NOT NULL DEFAULT '0',
  `password` varchar(50) COLLATE utf8mb4_bin NOT NULL DEFAULT '0',
  `avatar_url` varchar(255) COLLATE utf8mb4_bin DEFAULT NULL
) ENGINE=InnoDB DEFAULT CHARSET=utf8mb4 COLLATE=utf8mb4_bin;

-- --------------------------------------------------------

--
-- Table structure for table `twitter_likes`
--

CREATE TABLE `twitter_likes` (
  `id` int(11) NOT NULL,
  `authorId` int(11) DEFAULT NULL,
  `tweetId` int(11) DEFAULT NULL
) ENGINE=InnoDB DEFAULT CHARSET=utf8mb4 COLLATE=utf8mb4_bin;

-- --------------------------------------------------------

--
-- Table structure for table `twitter_tweets`
--

CREATE TABLE `twitter_tweets` (
  `id` int(11) NOT NULL,
  `authorId` int(11) NOT NULL,
  `realUser` varchar(50) COLLATE utf8mb4_unicode_ci DEFAULT NULL,
  `message` varchar(256) COLLATE utf8mb4_unicode_ci NOT NULL,
  `time` timestamp NOT NULL DEFAULT current_timestamp(),
  `likes` int(11) NOT NULL DEFAULT 0
) ENGINE=InnoDB DEFAULT CHARSET=utf8mb4 COLLATE=utf8mb4_unicode_ci;

-- --------------------------------------------------------

--
-- Table structure for table `users`
--

CREATE TABLE `users` (
  `id` int(11) NOT NULL,
  `identifier` varchar(50) COLLATE utf8mb4_bin NOT NULL,
  `license` varchar(50) COLLATE utf8mb4_bin DEFAULT NULL,
  `money` int(11) DEFAULT NULL,
  `name` varchar(255) COLLATE utf8mb4_bin DEFAULT '',
  `skin` longtext COLLATE utf8mb4_bin DEFAULT NULL,
  `job` varchar(255) COLLATE utf8mb4_bin DEFAULT 'unemployed',
  `job_grade` int(11) DEFAULT 0,
  `loadout` longtext COLLATE utf8mb4_bin DEFAULT NULL,
  `position` varchar(255) COLLATE utf8mb4_bin DEFAULT NULL,
  `bank` int(11) DEFAULT NULL,
  `permission_level` int(11) DEFAULT NULL,
  `group` varchar(50) COLLATE utf8mb4_bin DEFAULT NULL,
  `phone_number` varchar(10) COLLATE utf8mb4_bin DEFAULT NULL,
  `firstname` varchar(50) COLLATE utf8mb4_bin DEFAULT '',
  `lastname` varchar(50) COLLATE utf8mb4_bin DEFAULT '',
  `dateofbirth` varchar(25) COLLATE utf8mb4_bin DEFAULT '',
  `sex` varchar(10) COLLATE utf8mb4_bin DEFAULT '',
  `height` varchar(5) COLLATE utf8mb4_bin DEFAULT '',
  `last_property` varchar(255) COLLATE utf8mb4_bin DEFAULT NULL
) ENGINE=InnoDB DEFAULT CHARSET=utf8mb4 COLLATE=utf8mb4_bin;

-- --------------------------------------------------------

--
-- Table structure for table `user_accounts`
--

CREATE TABLE `user_accounts` (
  `id` int(11) NOT NULL,
  `identifier` varchar(255) COLLATE utf8_bin NOT NULL,
  `name` varchar(255) COLLATE utf8_bin NOT NULL,
  `money` double NOT NULL DEFAULT 0
) ENGINE=InnoDB DEFAULT CHARSET=utf8 COLLATE=utf8_bin;

-- --------------------------------------------------------

--
-- Table structure for table `user_inventory`
--

CREATE TABLE `user_inventory` (
  `id` int(11) NOT NULL,
  `identifier` varchar(255) COLLATE utf8_bin NOT NULL,
  `item` varchar(255) COLLATE utf8_bin NOT NULL,
  `count` int(11) NOT NULL
) ENGINE=InnoDB DEFAULT CHARSET=utf8 COLLATE=utf8_bin;

-- --------------------------------------------------------

--
-- Table structure for table `user_licenses`
--

CREATE TABLE `user_licenses` (
  `id` int(11) NOT NULL,
  `type` varchar(60) COLLATE utf8_unicode_ci NOT NULL,
  `owner` varchar(60) COLLATE utf8_unicode_ci NOT NULL
) ENGINE=InnoDB DEFAULT CHARSET=utf8 COLLATE=utf8_unicode_ci;

--
-- Indexes for dumped tables
--

--
-- Indexes for table `addon_account`
--
ALTER TABLE `addon_account`
  ADD PRIMARY KEY (`name`);

--
-- Indexes for table `addon_account_data`
--
ALTER TABLE `addon_account_data`
  ADD PRIMARY KEY (`id`),
  ADD UNIQUE KEY `index_addon_account_data_account_name_owner` (`account_name`,`owner`),
  ADD KEY `index_addon_account_data_account_name` (`account_name`);

--
-- Indexes for table `addon_inventory`
--
ALTER TABLE `addon_inventory`
  ADD PRIMARY KEY (`name`);

--
-- Indexes for table `addon_inventory_items`
--
ALTER TABLE `addon_inventory_items`
  ADD PRIMARY KEY (`id`),
  ADD KEY `index_addon_inventory_items_inventory_name_name` (`inventory_name`,`name`),
  ADD KEY `index_addon_inventory_items_inventory_name_name_owner` (`inventory_name`,`name`,`owner`),
  ADD KEY `index_addon_inventory_inventory_name` (`inventory_name`);

--
-- Indexes for table `billing`
--
ALTER TABLE `billing`
  ADD PRIMARY KEY (`id`);

--
-- Indexes for table `characters`
--
ALTER TABLE `characters`
  ADD PRIMARY KEY (`id`);

--
-- Indexes for table `datastore`
--
ALTER TABLE `datastore`
  ADD PRIMARY KEY (`name`);

--
-- Indexes for table `datastore_data`
--
ALTER TABLE `datastore_data`
  ADD PRIMARY KEY (`id`),
  ADD UNIQUE KEY `index_datastore_data_name_owner` (`name`,`owner`),
  ADD KEY `index_datastore_data_name` (`name`);

--
-- Indexes for table `fine_types`
--
ALTER TABLE `fine_types`
  ADD PRIMARY KEY (`id`);

--
-- Indexes for table `items`
--
ALTER TABLE `items`
  ADD PRIMARY KEY (`name`);

--
-- Indexes for table `jobs`
--
ALTER TABLE `jobs`
  ADD PRIMARY KEY (`name`);

--
-- Indexes for table `job_grades`
--
ALTER TABLE `job_grades`
  ADD PRIMARY KEY (`id`);

--
-- Indexes for table `licenses`
--
ALTER TABLE `licenses`
  ADD PRIMARY KEY (`type`);

--
-- Indexes for table `owned_properties`
--
ALTER TABLE `owned_properties`
  ADD PRIMARY KEY (`id`);

--
-- Indexes for table `phone_app_chat`
--
ALTER TABLE `phone_app_chat`
  ADD PRIMARY KEY (`id`);

--
-- Indexes for table `phone_calls`
--
ALTER TABLE `phone_calls`
  ADD PRIMARY KEY (`id`);

--
-- Indexes for table `phone_messages`
--
ALTER TABLE `phone_messages`
  ADD PRIMARY KEY (`id`);

--
-- Indexes for table `phone_users_contacts`
--
ALTER TABLE `phone_users_contacts`
  ADD PRIMARY KEY (`id`);

--
-- Indexes for table `properties`
--
ALTER TABLE `properties`
  ADD PRIMARY KEY (`id`);

--
-- Indexes for table `society_moneywash`
--
ALTER TABLE `society_moneywash`
  ADD PRIMARY KEY (`id`);

--
-- Indexes for table `twitter_accounts`
--
ALTER TABLE `twitter_accounts`
  ADD PRIMARY KEY (`id`),
  ADD UNIQUE KEY `username` (`username`);

--
-- Indexes for table `twitter_likes`
--
ALTER TABLE `twitter_likes`
  ADD PRIMARY KEY (`id`),
  ADD KEY `FK_twitter_likes_twitter_accounts` (`authorId`),
  ADD KEY `FK_twitter_likes_twitter_tweets` (`tweetId`);

--
-- Indexes for table `twitter_tweets`
--
ALTER TABLE `twitter_tweets`
  ADD PRIMARY KEY (`id`),
  ADD KEY `FK_twitter_tweets_twitter_accounts` (`authorId`);

--
-- Indexes for table `users`
--
ALTER TABLE `users`
  ADD PRIMARY KEY (`id`);

--
-- Indexes for table `user_accounts`
--
ALTER TABLE `user_accounts`
  ADD PRIMARY KEY (`id`);

--
-- Indexes for table `user_inventory`
--
ALTER TABLE `user_inventory`
  ADD PRIMARY KEY (`id`),
  ADD KEY `user_inventory_ident_item` (`identifier`,`item`);

--
-- Indexes for table `user_licenses`
--
ALTER TABLE `user_licenses`
  ADD PRIMARY KEY (`id`);

--
-- AUTO_INCREMENT for dumped tables
--

--
-- AUTO_INCREMENT for table `addon_account_data`
--
ALTER TABLE `addon_account_data`
  MODIFY `id` int(11) NOT NULL AUTO_INCREMENT;

--
-- AUTO_INCREMENT for table `addon_inventory_items`
--
ALTER TABLE `addon_inventory_items`
  MODIFY `id` int(11) NOT NULL AUTO_INCREMENT;

--
-- AUTO_INCREMENT for table `billing`
--
ALTER TABLE `billing`
  MODIFY `id` int(11) NOT NULL AUTO_INCREMENT;

--
-- AUTO_INCREMENT for table `characters`
--
ALTER TABLE `characters`
  MODIFY `id` int(11) NOT NULL AUTO_INCREMENT;

--
-- AUTO_INCREMENT for table `datastore_data`
--
ALTER TABLE `datastore_data`
  MODIFY `id` int(11) NOT NULL AUTO_INCREMENT;

--
-- AUTO_INCREMENT for table `fine_types`
--
ALTER TABLE `fine_types`
  MODIFY `id` int(11) NOT NULL AUTO_INCREMENT, AUTO_INCREMENT=53;

--
-- AUTO_INCREMENT for table `job_grades`
--
ALTER TABLE `job_grades`
  MODIFY `id` int(11) NOT NULL AUTO_INCREMENT, AUTO_INCREMENT=18;

--
-- AUTO_INCREMENT for table `owned_properties`
--
ALTER TABLE `owned_properties`
  MODIFY `id` int(11) NOT NULL AUTO_INCREMENT;

--
-- AUTO_INCREMENT for table `phone_app_chat`
--
ALTER TABLE `phone_app_chat`
  MODIFY `id` int(11) NOT NULL AUTO_INCREMENT, AUTO_INCREMENT=28;

--
-- AUTO_INCREMENT for table `phone_calls`
--
ALTER TABLE `phone_calls`
  MODIFY `id` int(11) NOT NULL AUTO_INCREMENT, AUTO_INCREMENT=122;

--
-- AUTO_INCREMENT for table `phone_messages`
--
ALTER TABLE `phone_messages`
  MODIFY `id` int(11) NOT NULL AUTO_INCREMENT, AUTO_INCREMENT=106;

--
-- AUTO_INCREMENT for table `phone_users_contacts`
--
ALTER TABLE `phone_users_contacts`
  MODIFY `id` int(11) NOT NULL AUTO_INCREMENT, AUTO_INCREMENT=7;

--
-- AUTO_INCREMENT for table `properties`
--
ALTER TABLE `properties`
  MODIFY `id` int(11) NOT NULL AUTO_INCREMENT, AUTO_INCREMENT=73;

--
-- AUTO_INCREMENT for table `society_moneywash`
--
ALTER TABLE `society_moneywash`
  MODIFY `id` int(11) NOT NULL AUTO_INCREMENT;

--
-- AUTO_INCREMENT for table `twitter_accounts`
--
ALTER TABLE `twitter_accounts`
  MODIFY `id` int(11) NOT NULL AUTO_INCREMENT, AUTO_INCREMENT=38;

--
-- AUTO_INCREMENT for table `twitter_likes`
--
ALTER TABLE `twitter_likes`
  MODIFY `id` int(11) NOT NULL AUTO_INCREMENT, AUTO_INCREMENT=137;

--
-- AUTO_INCREMENT for table `twitter_tweets`
--
ALTER TABLE `twitter_tweets`
  MODIFY `id` int(11) NOT NULL AUTO_INCREMENT, AUTO_INCREMENT=170;

--
-- AUTO_INCREMENT for table `users`
--
ALTER TABLE `users`
  MODIFY `id` int(11) NOT NULL AUTO_INCREMENT, AUTO_INCREMENT=2;

--
-- AUTO_INCREMENT for table `user_accounts`
--
ALTER TABLE `user_accounts`
  MODIFY `id` int(11) NOT NULL AUTO_INCREMENT, AUTO_INCREMENT=2;

--
-- AUTO_INCREMENT for table `user_inventory`
--
ALTER TABLE `user_inventory`
  MODIFY `id` int(11) NOT NULL AUTO_INCREMENT;

--
-- AUTO_INCREMENT for table `user_licenses`
--
ALTER TABLE `user_licenses`
  MODIFY `id` int(11) NOT NULL AUTO_INCREMENT;

--
-- Constraints for dumped tables
--

--
-- Constraints for table `twitter_likes`
--
ALTER TABLE `twitter_likes`
  ADD CONSTRAINT `FK_twitter_likes_twitter_accounts` FOREIGN KEY (`authorId`) REFERENCES `twitter_accounts` (`id`),
  ADD CONSTRAINT `FK_twitter_likes_twitter_tweets` FOREIGN KEY (`tweetId`) REFERENCES `twitter_tweets` (`id`) ON DELETE CASCADE;

--
-- Constraints for table `twitter_tweets`
--
ALTER TABLE `twitter_tweets`
  ADD CONSTRAINT `FK_twitter_tweets_twitter_accounts` FOREIGN KEY (`authorId`) REFERENCES `twitter_accounts` (`id`);
COMMIT;

/*!40101 SET CHARACTER_SET_CLIENT=@OLD_CHARACTER_SET_CLIENT */;
/*!40101 SET CHARACTER_SET_RESULTS=@OLD_CHARACTER_SET_RESULTS */;
/*!40101 SET COLLATION_CONNECTION=@OLD_COLLATION_CONNECTION */;
